{
    "name": "EEPROM32_Rotate",
    "keywords": "eeprom,spi,flash",
    "description": "EEPROM wrapper for ESP32 that handles partition rotation",
    "repository": {
        "type": "git",
        "url": "https://github.com/xoseperez/eeprom32_rotate.git"
    },
    "version": "0.9.2",
    "license": "LGPL-3.0",
    "exclude": "tests",
    "frameworks": "arduino",
    "platforms": "espressif32",
    "dependencies": [
    ],
    "authors": {
        "name": "Xose Perez",
        "email": "xose.perez@gmail.com",
        "url": "http://tinkerman.cat",
        "maintainer": true
    },
    "examples": [
        "examples/*/*.ino"
    ]
}
